idVotante,nombre,direccion,mexicano,fechaNacimiento,mesa_idMesa
HVM78ORJ9CW,Troy,"P.O. Box 318, 5637 Fusce Ave",1,3/18/2020 22:36,7
XOM70IYY9NR,Catherine,"Ap #331-6795 Sed, Rd.",1,3/3/2021 14:19,17
HOC05ZZB5JZ,Avram,8021 Sociis Street,0,9/11/2020 8:57,29
WNK51HXV8IH,Bree,9191 Donec St.,0,4/25/2019 18:31,25
WCN37PZF2HG,Ryder,"P.O. Box 364, 170 Dictum Rd.",0,6/17/2020 9:17,27
XPY19DOP0DP,Gay,"P.O. Box 263, 6508 A, St.",1,4/9/2020 13:19,34
QVT51BJJ3CC,Brett,"P.O. Box 115, 4638 Nibh. St.",0,1/8/2020 13:14,6
ECD25OYX9GP,Jocelyn,7126 Faucibus Avenue,0,5/3/2020 17:04,34
DXB40YAE3GY,Chanda,8762 Sagittis Rd.,0,8/7/2019 6:13,27
VVZ54BLG5TJ,Iola,"P.O. Box 559, 9600 Semper, Av.",0,11/6/2019 0:47,23
ZPY17VEP3MU,Ahmed,"Ap #523-1049 Id, Av.",0,1/12/2021 22:25,2
OLG14TLI7YC,Alisa,"P.O. Box 880, 3301 Id Avenue",1,12/24/2020 2:25,35
THJ31UOK3NJ,Noelani,9033 Vivamus Rd.,1,4/17/2019 1:26,2
DJZ86ZOQ2YR,Illana,798-1720 Nulla Street,1,12/19/2020 18:04,28
BOD33QAA8NU,Julie,"P.O. Box 762, 4345 Sit Rd.",0,5/31/2019 11:39,37
JGB55HNK6RS,Leigh,Ap #355-2225 Pellentesque St.,0,8/4/2020 5:52,38
CZP48KGC7BR,Ariel,"P.O. Box 623, 2685 Suscipit Rd.",1,6/26/2019 12:20,18
CSI26JPW1FM,Upton,416-6184 Quisque St.,1,11/21/2020 20:40,4
QGF27CXB4IQ,Melanie,"P.O. Box 885, 5214 Interdum. Rd.",1,11/11/2019 23:17,27
ETC76WZC5FC,Aretha,"2909 Quis, Av.",1,12/23/2019 5:17,22
OMX08RWX1VB,Kelly,181-691 Mauris Rd.,1,8/5/2019 7:35,32
SNG47NAL4WL,Bradley,Ap #514-3871 Nec Rd.,0,7/10/2019 23:18,17
KLB75EEX0JV,Uriel,"P.O. Box 162, 105 Cras Avenue",1,12/1/2020 5:06,17
SSI85EKW2DS,Boris,9085 Dolor Ave,1,7/1/2020 14:53,6
DJB79FXP0DY,Ralph,"546-3452 Et, St.",1,12/9/2020 13:52,12
ZHZ23EHG8PH,Yuri,7482 Sociis Road,1,12/21/2019 11:53,18
TPN91BNF7XL,Virginia,3203 Sed Ave,0,12/14/2019 17:10,21
KUZ79BHO4VV,Zahir,9177 Ornare Street,1,6/29/2020 21:57,35
ZBX63NWS1IF,Ira,Ap #613-3420 Turpis Av.,0,11/20/2020 4:52,26
OWK28DQL9AH,Sierra,8350 Vestibulum St.,1,5/29/2019 4:29,29
OUV44DFX6WQ,Axel,"P.O. Box 374, 6172 Auctor, St.",1,11/3/2019 23:20,26
GRM21CBI0SP,Phyllis,"489-5926 Tempus, Street",0,12/13/2020 23:26,36
FTR07WEB0UR,Desiree,"P.O. Box 696, 4343 Interdum St.",0,12/16/2019 9:27,24
PHS24EJI9AY,Susan,"P.O. Box 352, 9957 Diam St.",1,3/31/2019 21:57,3
PVA05ZZC4AX,Uta,Ap #130-4275 Cras Av.,1,11/10/2020 22:52,4
BPP36RGY3HP,Zachery,Ap #386-9509 Sed Ave,0,7/23/2020 17:32,32
ZPV69AKV8EM,Daquan,8934 Cubilia St.,0,11/2/2020 20:05,32
KYF40RIG8AL,Akeem,"844-3844 In, Rd.",0,6/23/2019 0:56,26
UFI50EYD4WC,Avram,2402 Egestas St.,0,11/14/2019 9:00,5
ESM30BHF5LF,Angela,"P.O. Box 884, 7109 Porta Rd.",1,12/22/2020 19:50,14
EOX43GPK5ZT,Hilary,"800-2736 In, St.",1,9/27/2019 8:06,15
XXP47HMM7QA,Kevin,8053 Laoreet St.,0,8/21/2019 22:16,6
BAS06ODY0DH,Gabriel,2085 Elit. Ave,1,9/18/2019 2:14,26
XEC49CNI2OY,Noel,725-974 Lobortis St.,0,2/4/2021 21:15,37
AAH47JUK6SS,Giselle,8599 Sit Rd.,0,9/2/2019 1:45,21
QYE75YPS6VQ,Halla,428-1343 Facilisis Street,1,8/2/2020 4:23,27
TBO92NQN1DC,Samson,871-3210 Fusce Avenue,0,2/20/2020 21:39,27
VKB98PBL1FR,Marshall,"P.O. Box 383, 6012 Nisi. Ave",1,9/13/2020 15:02,8
JVS34XLJ2XW,Carl,Ap #182-2105 Suspendisse Street,1,6/16/2020 20:36,7
OUH71APJ8UG,Chanda,"P.O. Box 385, 2554 Semper Rd.",0,8/10/2020 7:58,5
MGI84OTS2RP,Brian,Ap #484-3808 Eget Ave,1,7/29/2020 20:46,40
XCF07KKX7LU,Serena,"7746 Tincidunt, Rd.",0,5/31/2019 13:42,10
RXL51WTU0FY,September,6392 Enim. Avenue,0,6/5/2019 21:22,13
WJA79ZOI7IF,Chaim,"464-4829 Montes, Street",1,1/28/2021 6:16,38
JMZ72QVD0AF,Samson,"336 Ac, St.",0,7/11/2019 12:04,7
ZSZ82NIN0ZX,Shoshana,"P.O. Box 327, 4106 Nunc Road",1,11/1/2020 0:54,34
IYG47VBD8MJ,Graiden,"P.O. Box 165, 917 Commodo Rd.",0,4/13/2020 23:08,13
QMR95GDS0LZ,Zelenia,Ap #805-5221 Tortor Ave,0,5/21/2020 20:48,19
ERA19WQU9BI,Zia,Ap #186-9935 Amet Street,0,7/18/2020 23:15,38
TVY52JMF6SQ,Colette,Ap #677-7764 Integer Avenue,1,9/23/2019 12:29,6
ELO79COW1SL,Leilani,Ap #442-3182 Donec Rd.,0,1/17/2021 8:29,27
UQP38COY3AX,Noelle,454-668 In Avenue,0,3/2/2020 21:01,1
DQG78RSD9HH,Andrew,Ap #330-8733 Tortor Rd.,1,4/3/2019 4:45,24
XQE26GZZ2HK,Sebastian,"P.O. Box 295, 6956 Pellentesque St.",1,6/4/2019 20:53,7
UPN17OEF9LI,MacKenzie,Ap #339-3874 Pharetra. Rd.,1,6/3/2019 8:23,29
ZMS85QEK7AI,Carissa,417-4514 Non Street,1,7/4/2019 12:18,24
PVX64RHB7GO,Sydney,Ap #278-9505 Sed Rd.,0,9/4/2019 8:04,25
CXV77WYD6XS,Jenna,7639 Sodales Avenue,0,10/15/2020 5:56,26
BSR13NPB0OR,Lucas,Ap #638-8912 Et Street,0,1/27/2020 9:05,5
JSX28JCN5IX,Walker,138-1171 Convallis Road,0,4/1/2020 21:21,35
ULJ50YFB3RI,Richard,3552 Cubilia St.,0,3/2/2021 22:42,9
XKY29USH5MI,Sharon,7642 Pellentesque Avenue,0,4/7/2020 7:55,31
EJB68OII4XI,Amethyst,"Ap #235-3477 Eu, Avenue",1,7/11/2019 18:27,25
PEQ91ZBP4UZ,Elizabeth,4563 Orci. St.,0,9/6/2020 21:52,18
IVS29SQV8SG,TaShya,778-1778 Eu Street,1,3/21/2020 20:46,37
BSB96PQX5DQ,Cameron,"185-9163 Lorem, Av.",0,10/17/2019 19:50,4
PNF71WNC4IZ,Whoopi,"P.O. Box 804, 4165 Egestas St.",0,6/20/2020 9:52,1
GTV78GXZ3WP,Jacob,882-3864 Etiam Rd.,0,12/26/2019 20:55,26
YEX81DAR8BU,Orla,9361 Volutpat St.,0,3/28/2020 7:24,16
FKC89HJU9JK,Keane,Ap #386-3392 Cubilia Ave,1,11/26/2020 16:22,12
UJP58EPT2XP,Lyle,Ap #132-9745 Vitae Street,1,7/5/2019 6:26,22
LCB19HGF3LS,Shafira,Ap #326-9433 Cras Rd.,1,6/16/2019 22:28,9
ZTZ90HET1ED,Clark,Ap #746-8971 Conubia St.,0,8/3/2019 21:03,28
HCL42REI2GH,Maia,"P.O. Box 363, 9877 Tristique Rd.",1,2/15/2020 21:07,26
IAQ39TIN1LA,Merrill,683-6579 Neque. Road,0,11/20/2020 18:44,21
CCF48SCF8RB,Jared,"P.O. Box 893, 1232 Libero. Rd.",1,9/4/2019 1:42,27
AWU23SVA8MQ,Jakeem,2029 Et St.,0,12/11/2020 2:49,10
IOJ02PTM9LK,Laith,Ap #140-9426 Egestas Ave,0,6/28/2019 16:53,16
MYZ40VDW0FD,Hiram,651-9982 Tellus Avenue,0,6/15/2020 23:04,15
KGP19SKE9MA,Jackson,Ap #801-9275 Quisque Rd.,0,6/16/2019 16:08,22
CKN25SNY7UG,Addison,"688-4083 Nec, St.",1,11/5/2020 19:33,39
WNO35LAF4JL,Halla,Ap #519-8464 Eget Rd.,0,2/20/2021 18:46,36
FLL11FTT8UG,Rebekah,5271 Eu St.,0,1/9/2020 11:20,10
SAX68KQV8NV,Indira,9931 Urna Av.,0,2/17/2020 18:17,8
LFK34AME5NL,Xavier,8072 Bibendum. Rd.,0,8/4/2019 12:30,22
EBP13MIF6NO,Eric,4613 Donec Av.,0,4/27/2020 14:20,38
PLA05TJJ4CL,Bethany,Ap #266-1329 Neque Road,0,1/5/2021 16:37,14
WQB78PKS4DO,Summer,"P.O. Box 671, 1129 In Ave",0,2/21/2020 16:47,32
VBF33PIU8QF,Sage,"P.O. Box 285, 8900 Velit. Road",1,8/15/2019 4:20,32
JJD19LIW9VK,Troy,Ap #325-7368 Ligula. Av.,1,6/12/2020 4:15,17
ZOZ59VXN1RO,Nola,"Ap #797-1379 Orci, Avenue",0,1/25/2021 22:16,19
DOR89JSI0XX,Dorothy,516-6805 Sed Rd.,1,4/10/2019 8:38,30
PXG81IZZ3NL,Quinn,"P.O. Box 217, 6954 Urna. St.",1,5/5/2020 17:43,22
LUK71MZT5AO,Wayne,"P.O. Box 922, 6592 Porttitor Av.",1,1/22/2020 10:32,4
SHM50EZR3MM,Meghan,Ap #289-2181 Ligula. St.,0,10/10/2020 9:35,14
MOQ93JYX1CC,Ifeoma,251-3895 Purus St.,1,2/25/2020 9:24,1
TXS65PUC6PH,Charlotte,202-9772 Consectetuer Road,0,8/15/2020 22:25,28
RWZ65DDI6KT,Oleg,9207 Iaculis Road,1,6/15/2020 18:22,9
TDR53ION8EK,Evangeline,"P.O. Box 636, 2980 Et, St.",1,5/28/2020 11:46,7
TGP22SLH7EY,Pascale,"P.O. Box 831, 5581 Senectus St.",0,2/8/2020 10:43,15
JEG62VOI4LZ,Todd,"P.O. Box 141, 7088 Nunc St.",0,5/12/2019 10:46,37
SLI35YCQ1OT,Skyler,3513 Consectetuer Av.,1,3/6/2019 8:41,15
RFB97MTL9RX,Grace,Ap #605-3176 Enim. St.,1,6/4/2019 1:38,6
EVB15YBC3NS,Shafira,695 Sagittis Avenue,1,12/13/2019 3:45,22
WEB24LUO6IT,Kiara,602-5787 Dictum Av.,1,12/14/2019 5:16,19
CJG72KON6QR,Garrett,Ap #128-7404 Dignissim Rd.,0,1/6/2020 11:03,23
CVL08PYE7VB,Ryan,5174 Quam Street,0,12/28/2020 10:19,7
FIX69CVD6LJ,Lenore,Ap #229-6565 Neque St.,1,3/11/2019 17:24,10
NUZ46RSG5WQ,Inga,Ap #729-6729 Gravida St.,1,7/13/2020 18:13,3
NUE81AUI4OS,Veda,"P.O. Box 559, 4398 Mattis Ave",1,5/5/2020 14:34,24
BCF25UIC4DB,Henry,"P.O. Box 913, 1131 Ipsum Street",0,11/9/2019 15:09,9
MJM91XDW3JM,Asher,"P.O. Box 732, 8315 Et St.",1,1/7/2020 1:44,6
OTT31BKJ2VH,Kylynn,"P.O. Box 496, 7106 Neque St.",0,1/8/2021 20:18,23
IHT82HFT2GN,Oleg,Ap #301-1792 Tempus Rd.,1,8/31/2020 19:05,39
RWO51DIW1YF,Kameko,520-8647 Pede Rd.,1,10/2/2019 20:49,33
SVW54WFH4AV,MacKensie,194-7445 Amet Avenue,1,11/29/2019 3:58,36
UPS82YPH6AC,Allegra,839-7603 Faucibus Rd.,1,10/27/2020 1:21,8
QNR88KYP6UJ,Imogene,9327 Metus Rd.,0,7/27/2020 5:30,23
XIJ63DAR2AN,Brielle,Ap #849-8434 Non Street,1,6/9/2020 18:58,34
KJG18BCX3WM,Wallace,8299 Euismod St.,0,4/13/2020 8:27,39
OAH87ESR2FV,Chaim,"863-2221 Dui, St.",0,5/25/2020 8:26,36
YND29EKA6VL,Gretchen,"909-4925 A, Street",1,10/24/2020 4:14,10
MKE91ZSY3RU,Owen,"P.O. Box 754, 6053 Dui Av.",1,6/5/2019 13:13,19
CPB87EQM8SJ,Phillip,3897 Morbi Rd.,1,11/20/2020 3:18,8
EHL05SVL8GK,Yvette,502-940 Mus. Rd.,0,6/22/2020 5:54,37
TFQ48HCE9MO,Vivien,"P.O. Box 893, 8784 In St.",1,5/28/2020 12:59,27
BZT38XWH1YM,Phelan,7588 Ultrices Avenue,1,2/25/2021 19:52,3
MMH78NRI8BK,Alice,8361 Purus. Ave,0,7/30/2019 14:36,34
XIA96MLD1TU,Shaine,5777 Bibendum Ave,1,3/20/2019 8:36,15
LOC33CMM7OM,Echo,707-3972 Duis Street,1,4/26/2019 8:17,20
YKM35UDM1IM,Kennan,4042 Scelerisque St.,0,1/19/2021 21:57,10
WMH23UFR3CW,Yoshi,654-9762 Nullam Ave,0,9/7/2020 13:34,6
HAT26XEB3ZG,Uriah,"5028 Lectus, Rd.",0,4/14/2019 21:13,7
RYU96NNB1SZ,Nissim,866-6369 Nec Av.,0,5/31/2019 5:21,32
JWJ25ZHC8MY,Connor,9583 Eget Av.,1,5/26/2020 11:45,3
KEO24KHR8VE,Gavin,Ap #358-6808 Ultricies Street,1,2/10/2020 0:24,31
CBT72JFL1CL,Kristen,Ap #143-1597 Orci Street,0,9/12/2019 12:41,38
IYU11EUD6UG,Kyle,Ap #830-610 Varius Ave,0,2/5/2020 5:39,35
AZX47XKS3KT,Derek,"P.O. Box 322, 6553 Ac, Av.",0,10/22/2019 18:08,9
PMA97JBN5CZ,Xyla,9632 Ipsum Street,1,1/11/2020 2:06,17
YXT46HQN4IR,Slade,"P.O. Box 696, 2529 Scelerisque Rd.",1,8/23/2020 13:36,6
BBD47JBV1NV,Damian,111-8229 Iaculis Rd.,1,12/21/2020 4:42,23
